<?xml version="1.0" encoding="UTF-8"?>

<server>
   <!-- The custom JAAS login configuration service that installs 
       a Configuration capable of dynamically updating the
       config settings
   -->
   <mbean code="org.jboss.security.auth.login.DynamicLoginConfig"
         name="jboss.tutorial:service=DynamicLoginConfig">
      <attribute name="AuthConfig">META-INF/jaas-test-config.xml</attribute>
      <depends optional-attribute-name="LoginConfigService">
         jboss.security:service=XMLLoginConfig
      </depends>
      <depends optional-attribute-name="SecurityManagerService">
         jboss.security:service=JaasSecurityManager
      </depends>
   </mbean>

</server>
