<?xml version="1.0"?>
<jboss
        xmlns="http://java.sun.com/xml/ns/javaee"
        xmlns:xsi="http://www.w3.org/2001/XMLSchema-instance"
        xsi:schemaLocation="http://java.sun.com/xml/ns/javaee
                            http://www.jboss.org/j2ee/schema/jboss_5_0.xsd"
        version="3.0">
   <enterprise-beans>
      <session>
         <ejb-name>DeploymentDescriptorSession1</ejb-name>
         <jndi-name>DeploymentDescriptorSession1Remote</jndi-name>
      </session>
      <session>
         <ejb-name>DeploymentDescriptorSession2</ejb-name>
         <local-jndi-name>DeploymentDescriptorSession2Local</local-jndi-name>
      </session>
   </enterprise-beans>
</jboss>
