<?xml version="1.0" encoding="UTF-8"?>
<application xmlns="http://java.sun.com/xml/ns/j2ee" xmlns:xsi="http://www.w3.org/2001/XMLSchema-instance" version="1.4" xsi:schemaLocation="http://java.sun.com/xml/ns/j2ee http://java.sun.com/xml/ns/j2ee/application_1_4.xsd">
  <display-name>EJBStruts</display-name>
  <module id="myeclipse.1142586480375">
    <web>
      <web-uri>EJBStrutsWeb.war</web-uri>
      <context-root>/EJBStrutsWeb</context-root>
    </web>
  </module>
  <module id="myeclipse.1142586480687">
    <ejb>EJBStrutsEJB.jar</ejb>
  </module>
</application>

