<?xml version="1.0" encoding="UTF-8"?>
<file-systems VERSION="2.0.0" application-name="ShoppingCartWeb"
 model-entity="FileSystems" workspace-home="./WebContent/WEB-INF">
 <file-system NAME="WEB-INF" location="%workspace.home%" model-entity="FileSystemFolder"/>
 <file-system NAME="WEB-ROOT" info="Content-Type=Web"
  location="%workspace.home%/.." model-entity="FileSystemFolder"/>
 <file-system NAME="src" location="%workspace.home%/../../src" model-entity="FileSystemFolder"/>
 <file-system NAME="lib" location="%workspace.home%/lib" model-entity="FileSystemFolder"/>
 <file-system NAME="classes" location="%workspace.home%/classes" model-entity="FileSystemFolder"/>
 <file-system NAME="ShoppingCartWeb" location="%eclipse.project%" model-entity="FileSystemFolder"/>
 <file-system NAME="lib-antlr-3.0.1.jar"
  location="C:\projects\java\eclipse\shoppingcart\LIBS\antlr-3.0.1.jar" model-entity="FileSystemJar"/>
 <file-system NAME="lib-aopalliance.jar"
  location="C:\projects\java\eclipse\shoppingcart\LIBS\aopalliance.jar" model-entity="FileSystemJar"/>
 <file-system NAME="lib-aspectjweaver.jar"
  location="C:\projects\java\eclipse\shoppingcart\LIBS\aspectjweaver.jar" model-entity="FileSystemJar"/>
 <file-system NAME="lib-commons-beanutils.jar"
  location="C:\projects\java\eclipse\shoppingcart\LIBS\commons-beanutils.jar" model-entity="FileSystemJar"/>
 <file-system NAME="lib-commons-codec-1.3.jar"
  location="C:\projects\java\eclipse\shoppingcart\LIBS\commons-codec-1.3.jar" model-entity="FileSystemJar"/>
 <file-system NAME="lib-commons-collections-3.2.jar"
  location="C:\projects\java\eclipse\shoppingcart\LIBS\commons-collections-3.2.jar" model-entity="FileSystemJar"/>
 <file-system NAME="lib-commons-collections-testframework-3.2.jar"
  location="C:\projects\java\eclipse\shoppingcart\LIBS\commons-collections-testframework-3.2.jar" model-entity="FileSystemJar"/>
 <file-system NAME="lib-commons-dbcp-1.2.2.jar"
  location="C:\projects\java\eclipse\shoppingcart\LIBS\commons-dbcp-1.2.2.jar" model-entity="FileSystemJar"/>
 <file-system NAME="lib-commons-digester-1.8.jar"
  location="C:\projects\java\eclipse\shoppingcart\LIBS\commons-digester-1.8.jar" model-entity="FileSystemJar"/>
 <file-system NAME="lib-commons-lang-2.4.jar"
  location="C:\projects\java\eclipse\shoppingcart\LIBS\commons-lang-2.4.jar" model-entity="FileSystemJar"/>
 <file-system NAME="lib-commons-logging-1.1.1.jar"
  location="C:\projects\java\eclipse\shoppingcart\LIBS\commons-logging-1.1.1.jar" model-entity="FileSystemJar"/>
 <file-system NAME="lib-commons-pool-1.4.jar"
  location="C:\projects\java\eclipse\shoppingcart\LIBS\commons-pool-1.4.jar" model-entity="FileSystemJar"/>
 <file-system NAME="lib-dom4j.jar"
  location="C:\projects\java\eclipse\shoppingcart\LIBS\dom4j.jar" model-entity="FileSystemJar"/>
 <file-system NAME="lib-easymock.jar"
  location="C:\projects\java\eclipse\shoppingcart\LIBS\easymock.jar" model-entity="FileSystemJar"/>
 <file-system NAME="lib-ejb3-persistence.jar"
  location="C:\projects\java\eclipse\shoppingcart\LIBS\ejb3-persistence.jar" model-entity="FileSystemJar"/>
 <file-system NAME="lib-hibernate-annotations.jar"
  location="C:\projects\java\eclipse\shoppingcart\LIBS\hibernate-annotations.jar" model-entity="FileSystemJar"/>
 <file-system NAME="lib-hibernate-commons-annotations.jar"
  location="C:\projects\java\eclipse\shoppingcart\LIBS\hibernate-commons-annotations.jar" model-entity="FileSystemJar"/>
 <file-system NAME="lib-hibernate-core.jar"
  location="C:\projects\java\eclipse\shoppingcart\LIBS\hibernate-core.jar" model-entity="FileSystemJar"/>
 <file-system NAME="lib-hibernate3.jar"
  location="C:\projects\java\eclipse\shoppingcart\LIBS\hibernate3.jar" model-entity="FileSystemJar"/>
 <file-system NAME="lib-hsqldb.jar"
  location="C:\projects\java\eclipse\shoppingcart\LIBS\hsqldb.jar" model-entity="FileSystemJar"/>
 <file-system NAME="lib-javassist.jar"
  location="C:\projects\java\eclipse\shoppingcart\LIBS\javassist.jar" model-entity="FileSystemJar"/>
 <file-system NAME="lib-jsf-api.jar"
  location="C:\projects\java\eclipse\shoppingcart\LIBS\jsf-api.jar" model-entity="FileSystemJar"/>
 <file-system NAME="lib-jsf-impl.jar"
  location="C:\projects\java\eclipse\shoppingcart\LIBS\jsf-impl.jar" model-entity="FileSystemJar"/>
 <file-system NAME="lib-jstl.jar"
  location="C:\projects\java\eclipse\shoppingcart\LIBS\jstl.jar" model-entity="FileSystemJar"/>
 <file-system NAME="lib-jta.jar"
  location="C:\projects\java\eclipse\shoppingcart\LIBS\jta.jar" model-entity="FileSystemJar"/>
 <file-system NAME="lib-junit-4.5.jar"
  location="C:\projects\java\eclipse\shoppingcart\LIBS\junit-4.5.jar" model-entity="FileSystemJar"/>
 <file-system NAME="lib-log4j-1.2.14.jar"
  location="C:\projects\java\eclipse\shoppingcart\LIBS\log4j-1.2.14.jar" model-entity="FileSystemJar"/>
 <file-system NAME="lib-org.springframework.aop-3.0.0.M1.jar"
  location="C:\projects\java\eclipse\shoppingcart\LIBS\org.springframework.aop-3.0.0.M1.jar" model-entity="FileSystemJar"/>
 <file-system NAME="lib-org.springframework.beans-3.0.0.M1.jar"
  location="C:\projects\java\eclipse\shoppingcart\LIBS\org.springframework.beans-3.0.0.M1.jar" model-entity="FileSystemJar"/>
 <file-system NAME="lib-org.springframework.context-3.0.0.M1.jar"
  location="C:\projects\java\eclipse\shoppingcart\LIBS\org.springframework.context-3.0.0.M1.jar" model-entity="FileSystemJar"/>
 <file-system NAME="lib-org.springframework.core-3.0.0.M1.jar"
  location="C:\projects\java\eclipse\shoppingcart\LIBS\org.springframework.core-3.0.0.M1.jar" model-entity="FileSystemJar"/>
 <file-system NAME="lib-org.springframework.expression-3.0.0.M1.jar"
  location="C:\projects\java\eclipse\shoppingcart\LIBS\org.springframework.expression-3.0.0.M1.jar" model-entity="FileSystemJar"/>
 <file-system NAME="lib-org.springframework.jdbc-3.0.0.M1.jar"
  location="C:\projects\java\eclipse\shoppingcart\LIBS\org.springframework.jdbc-3.0.0.M1.jar" model-entity="FileSystemJar"/>
 <file-system NAME="lib-org.springframework.orm-3.0.0.M1.jar"
  location="C:\projects\java\eclipse\shoppingcart\LIBS\org.springframework.orm-3.0.0.M1.jar" model-entity="FileSystemJar"/>
 <file-system NAME="lib-org.springframework.test-3.0.0.M1.jar"
  location="C:\projects\java\eclipse\shoppingcart\LIBS\org.springframework.test-3.0.0.M1.jar" model-entity="FileSystemJar"/>
 <file-system NAME="lib-org.springframework.transaction-3.0.0.M1.jar"
  location="C:\projects\java\eclipse\shoppingcart\LIBS\org.springframework.transaction-3.0.0.M1.jar" model-entity="FileSystemJar"/>
 <file-system NAME="lib-org.springframework.web-3.0.0.M1.jar"
  location="C:\projects\java\eclipse\shoppingcart\LIBS\org.springframework.web-3.0.0.M1.jar" model-entity="FileSystemJar"/>
 <file-system NAME="lib-slf4j-api.jar"
  location="C:\projects\java\eclipse\shoppingcart\LIBS\slf4j-api.jar" model-entity="FileSystemJar"/>
 <file-system NAME="lib-slf4j-log4j12.jar"
  location="C:\projects\java\eclipse\shoppingcart\LIBS\slf4j-log4j12.jar" model-entity="FileSystemJar"/>
 <file-system NAME="lib-annotations-api.jar"
  location="C:\apache\tomcat-6.0.18\lib\annotations-api.jar" model-entity="FileSystemJar"/>
 <file-system NAME="lib-catalina-ant.jar"
  location="C:\apache\tomcat-6.0.18\lib\catalina-ant.jar" model-entity="FileSystemJar"/>
 <file-system NAME="lib-catalina-ha.jar"
  location="C:\apache\tomcat-6.0.18\lib\catalina-ha.jar" model-entity="FileSystemJar"/>
 <file-system NAME="lib-catalina-tribes.jar"
  location="C:\apache\tomcat-6.0.18\lib\catalina-tribes.jar" model-entity="FileSystemJar"/>
 <file-system NAME="lib-catalina.jar"
  location="C:\apache\tomcat-6.0.18\lib\catalina.jar" model-entity="FileSystemJar"/>
 <file-system NAME="lib-el-api.jar"
  location="C:\apache\tomcat-6.0.18\lib\el-api.jar" model-entity="FileSystemJar"/>
 <file-system NAME="lib-jasper-el.jar"
  location="C:\apache\tomcat-6.0.18\lib\jasper-el.jar" model-entity="FileSystemJar"/>
 <file-system NAME="lib-jasper-jdt.jar"
  location="C:\apache\tomcat-6.0.18\lib\jasper-jdt.jar" model-entity="FileSystemJar"/>
 <file-system NAME="lib-jasper.jar"
  location="C:\apache\tomcat-6.0.18\lib\jasper.jar" model-entity="FileSystemJar"/>
 <file-system NAME="lib-jsp-api.jar"
  location="C:\apache\tomcat-6.0.18\lib\jsp-api.jar" model-entity="FileSystemJar"/>
 <file-system NAME="lib-servlet-api.jar"
  location="C:\apache\tomcat-6.0.18\lib\servlet-api.jar" model-entity="FileSystemJar"/>
 <file-system NAME="lib-tomcat-coyote.jar"
  location="C:\apache\tomcat-6.0.18\lib\tomcat-coyote.jar" model-entity="FileSystemJar"/>
 <file-system NAME="lib-tomcat-dbcp.jar"
  location="C:\apache\tomcat-6.0.18\lib\tomcat-dbcp.jar" model-entity="FileSystemJar"/>
 <file-system NAME="lib-tomcat-i18n-es.jar"
  location="C:\apache\tomcat-6.0.18\lib\tomcat-i18n-es.jar" model-entity="FileSystemJar"/>
 <file-system NAME="lib-tomcat-i18n-fr.jar"
  location="C:\apache\tomcat-6.0.18\lib\tomcat-i18n-fr.jar" model-entity="FileSystemJar"/>
 <file-system NAME="lib-tomcat-i18n-ja.jar"
  location="C:\apache\tomcat-6.0.18\lib\tomcat-i18n-ja.jar" model-entity="FileSystemJar"/>
 <file-system NAME="lib-richfaces-api-3.3.0.GA.jar"
  location="C:\projects\java\eclipse\shoppingcart\LIBS\richfaces-api-3.3.0.GA.jar" model-entity="FileSystemJar"/>
 <file-system NAME="lib-richfaces-impl-3.3.0.GA.jar"
  location="C:\projects\java\eclipse\shoppingcart\LIBS\richfaces-impl-3.3.0.GA.jar" model-entity="FileSystemJar"/>
 <file-system NAME="lib-richfaces-ui-3.3.0.GA.jar"
  location="C:\projects\java\eclipse\shoppingcart\LIBS\richfaces-ui-3.3.0.GA.jar" model-entity="FileSystemJar"/>
 <file-system NAME="lib-jsf-facelets.jar"
  location="C:\projects\java\eclipse\shoppingcart\LIBS\jsf-facelets.jar" model-entity="FileSystemJar"/>
 <file-system NAME="lib-spring-tomcat-weaver.jar"
  location="C:\apache\tomcat-6.0.18\lib\spring-tomcat-weaver.jar" model-entity="FileSystemJar"/>
 <web SERVLET_VERSION="2.4" model-entity="JstWeb" model-path="/web.xml">
  <module URI="/WEB-INF/faces-config.xml" model-entity="WebJSFModule"
   model-path="/faces-config.xml" src="src" web-root="WEB-ROOT"/>
 </web>
</file-systems>
