<?xml version='1.0' ?>
<!DOCTYPE ejb-jar PUBLIC "-//Sun Microsystems, Inc.//DTD Enterprise JavaBeans 2.0//EN" 
                         "http://java.sun.com/dtd/ejb-jar_2_0.dtd">
<ejb-jar>
	<enterprise-beans>
		<session>
        	<ejb-name>ejb/Stateless2</ejb-name>
         	<home>org.jboss.tutorial.reference21_30.bean.Stateless2Home</home>
         	<remote>org.jboss.tutorial.reference21_30.bean.Stateless2</remote>
         	<ejb-class>org.jboss.tutorial.reference21_30.bean.Stateless2Bean</ejb-class>
         	<session-type>Stateless</session-type>
         	<transaction-type>Container</transaction-type>
            <ejb-ref>
				<ejb-ref-name>ejb/Stateless3</ejb-ref-name>
				<ejb-ref-type>Session</ejb-ref-type>
				<home>org.jboss.tutorial.reference21_30.bean.Stateless3Home</home>
				<remote>org.jboss.tutorial.reference21_30.bean.Stateless3</remote>
			</ejb-ref> 
    	</session>
	</enterprise-beans>
</ejb-jar>

