<?xml version='1.0' encoding='UTF-8'?>
<jboss
        xmlns="http://java.sun.com/xml/ns/javaee"
        xmlns:xsi="http://www.w3.org/2001/XMLSchema-instance"
        xsi:schemaLocation="http://java.sun.com/xml/ns/javaee
                            http://www.jboss.org/j2ee/schema/jboss_5_0.xsd"
        version="3.0">
	<enterprise-beans>
		<session>
			<ejb-name>Stateless3</ejb-name>
			<ejb-ref>
				<ejb-ref-name>ejb/Stateless2</ejb-ref-name>
				<jndi-name>Stateless2</jndi-name>
			</ejb-ref>
		</session>
	</enterprise-beans>
</jboss>

