<?xml version="1.0" encoding="UTF-8"?>
<beans xmlns="http://www.springframework.org/schema/beans"
	xmlns:xsi="http://www.w3.org/2001/XMLSchema-instance" 
	xmlns:tx="http://www.springframework.org/schema/tx"
	xmlns:aop="http://www.springframework.org/schema/aop"
	xsi:schemaLocation="http://www.springframework.org/schema/beans 
						http://www.springframework.org/schema/beans/spring-beans-2.0.xsd
						http://www.springframework.org/schema/tx 
						http://www.springframework.org/schema/tx/spring-tx-2.0.xsd
						http://www.springframework.org/schema/aop 
						http://www.springframework.org/schema/aop/spring-aop-2.0.xsd">
	<!--
		bean id="shoppingManager"
		class="org.springframework.transaction.interceptor.TransactionProxyFactoryBean">
		<property name="transactionManager"> <ref bean="transactionManager" />
		</property> <property name="target"> <ref
		local="shoppingManagerTarget" /> </property> <property
		name="transactionAttributes"> <props> <prop
		key="save*">PROPAGATION_REQUIRED</prop> <prop
		key="remove*">PROPAGATION_REQUIRED</prop> <prop
		key="*">PROPAGATION_REQUIRED,readOnly</prop> </props> </property>
		</bean> <bean id="shoppingManagerTarget"
		class="com.mydomain.shoppingcart.service.impl.ShoppingManager">
		<property name="itemDao"> <ref bean="itemDao" /> </property> <property
		name="basketDao"> <ref bean="basketDao" /> </property> </bean
	-->
	<bean id="shoppingService" class="com.mydomain.shoppingcart.service.impl.ShoppingManager">
		<property name="itemDao">
			<ref bean="itemDao" />
		</property>
		<property name="basketDao">
			<ref bean="basketDao" />
		</property>
	</bean>
	<!--
		the transactional advice (i.e. what 'happens'; see the <aop:advisor/>
		bean below)
	-->
	<tx:advice id="txAdvice" transaction-manager="transactionManager">
    <!-- the transactional semantics... -->
		<tx:attributes>
      <!-- all methods starting with 'get' are read-only -->
			<tx:method name="get*" read-only="true" />
      <!-- other methods use the default transaction settings (see below) -->
			<tx:method name="*" />
		</tx:attributes>
	</tx:advice>
	<!--
		ensure that the above transactional advice runs for any execution of
		an operation defined by the FooService interface
	-->
	<aop:config>
		<aop:pointcut id="shoppingServiceOperation"
			expression="execution(* com.mydomain.shoppingcart.service.ShoppingService.*(..))" />
		<aop:advisor advice-ref="txAdvice" pointcut-ref="shoppingServiceOperation" />
	</aop:config>
	<import resource="classpath:shoppingcart-database.xml" />
</beans>