
<server>
   <mbean code="org.jboss.security.jacc.DelegatingPolicy"
      name="jboss.security:service=JaccPolicyProvider"
      xmbean-dd="">
      <xmbean>
         <attribute access="read-only" getMethod="getPolicyProxy">
            <description>The java.security.Policy implementation</description>
            <name>PolicyProxy</name>
            <type>java.security.Policy</type>
         </attribute>
         <attribute access="read-write" getMethod="getExternalPermissionTypes"
                    setMethod="setExternalPermissionTypes">
            <description>The types of non-javax.security.jacc permissions that
               should be validated against this policy</description>
            <name>ExternalPermissionTypes</name>
            <type>[Ljava.lang.Class;</type>
         </attribute>
         <operation>
            <name>listContextPolicies</name>
            <return-type>java.lang.String</return-type>
         </operation>
      </xmbean>
      <!-- Not used, just here to test that custom permissions don't break the
      current behavior of javax.security.jacc.* permissions.
      -->
      <attribute name="ExternalPermissionTypes">org.jboss.security.srp.SRPPermission</attribute>
   </mbean>
   <mbean code="org.jboss.security.jacc.SecurityService"
      name="jboss.security:service=JaccSecurityService"
      xmbean-dd="">
      <xmbean>
         <descriptors>
            <injection id="MBeanServerType" setMethod="setMBeanServer" />
            <injection id="ObjectNameType" setMethod="setObjectName" />
         </descriptors>
         <attribute access="read-write" getMethod="getPolicyName" setMethod="setPolicyName">
            <description>The policy provider MBean name</description>
            <name>PolicyName</name>
            <type>javax.management.ObjectName</type>
         </attribute>
         <attribute access="read-write" getMethod="getPolicyAttributeName"
            setMethod="setPolicyAttributeName">
            <description>The Policy attribute name on the PolicyName MBean</description>
            <name>PolicyAttributeName</name>
            <type>java.lang.String</type>
         </attribute>
         <operation>
            <name>start</name>
         </operation>
         <operation>
            <name>stop</name>
         </operation>
      </xmbean>
      <attribute name="PolicyName">jboss.security:service=JaccPolicyProvider</attribute>
      <attribute name="PolicyAttributeName">PolicyProxy</attribute>
   </mbean>
</server>
