<?xml version="1.0" encoding="UTF-8"?>
<beans xmlns="http://www.springframework.org/schema/beans"
	xmlns:xsi="http://www.w3.org/2001/XMLSchema-instance"
	xsi:schemaLocation="http://www.springframework.org/schema/beans http://www.springframework.org/schema/beans/spring-beans-2.0.xsd">
	<bean id="shoppingCartDataSource" class="org.apache.commons.dbcp.BasicDataSource">
		<property name="driverClassName" value="org.hsqldb.jdbcDriver" />
		<property name="url" value="jdbc:hsqldb:shoppingcart" />
		<property name="username" value="sa" />
		<property name="password" value="" />
	</bean>
	<bean id="shoppingCartSessionFactory"
		class="org.springframework.orm.hibernate3.annotation.AnnotationSessionFactoryBean">
		<property name="dataSource" ref="shoppingCartDataSource" />
		<property name="hibernateProperties">
			<props>
				<prop key="hibernate.dialect">org.hibernate.dialect.HSQLDialect</prop>
				<prop key="hibernate.show_sql">true</prop>
				<prop key="hibernate.format_sql">true</prop>
				<prop key="hibernate.current_session_context_class">thread</prop>
				<prop key="hibernate.hbm2ddl.auto">create-drop</prop>
			</props>
		</property>
		<property name="annotatedClasses">
			<list>
				<value>com.mydomain.shoppingcart.bo.Item</value>
				<value>com.mydomain.shoppingcart.bo.Basket</value>
				<value>com.mydomain.shoppingcart.bo.BasketItem</value>
			</list>
		</property>
	</bean>
	<bean id="transactionManager"
		class="org.springframework.orm.hibernate3.HibernateTransactionManager">
		<property name="sessionFactory">
			<ref local="shoppingCartSessionFactory" />
		</property>
	</bean>
	<bean id="basketDao" class="com.mydomain.shoppingcart.dao.impl.BasketDaoImpl">
		<property name="sessionFactory">
			<ref local="shoppingCartSessionFactory" />
		</property>
	</bean>
	<bean id="itemDao" class="com.mydomain.shoppingcart.dao.impl.ItemDaoImpl">
		<property name="sessionFactory">
			<ref local="shoppingCartSessionFactory" />
		</property>
	</bean>
</beans>