<?xml version="1.0" encoding="UTF-8"?>
<server>
   <mbean code="org.jboss.ejb3.cache.tree.PassivationTreeCache" name="jboss.cache:service=EJB3SFSBClusteredCache">
   
      <!-- uncomment next three statements if using JGroups multiplexer,
             requires JGroups 2.3 or later, JBossCache 1.4 or later -->
      <!--
      <depends>jgroups.mux:name=Multiplexer</depends>
      <attribute name="MultiplexerService">jgroups.mux:name=Multiplexer</attribute>
      <attribute name="MultiplexerStack">fc-fast-minimalthreads</attribute>
      -->
      
      <!--
              Node locking level : SERIALIZABLE
                                   REPEATABLE_READ (default)
                                   READ_COMMITTED
                                   READ_UNCOMMITTED
                                   NONE
      -->
      <attribute name="IsolationLevel">READ_UNCOMMITTED</attribute>

      <!--     Valid modes are LOCAL
                               REPL_ASYNC
                               REPL_SYNC
      -->
      <attribute name="CacheMode">REPL_SYNC</attribute>

      <attribute name="ClusterName">SFSB-Cache</attribute>

      <attribute name="ClusterConfig">
         <config>
            <!-- UDP: if you have a multihomed machine,
                    set the bind_addr attribute to the appropriate NIC IP address
            -->
            <!-- UDP: On Windows machines, because of the media sense feature
                     being broken with multicast (even after disabling media sense)
                     set the loopback attribute to true
            -->
            <UDP mcast_addr="${jboss.partition.udpGroup:228.1.2.3}" mcast_port="45551" ip_ttl="${jgroups.mcast.ip_ttl:64}" ip_mcast="true"
               mcast_send_buf_size="150000" mcast_recv_buf_size="80000" ucast_send_buf_size="150000"
               ucast_recv_buf_size="80000" loopback="false"/>
            <PING timeout="2000" num_initial_members="3" up_thread="false" down_thread="false"/>
            <MERGE2 min_interval="10000" max_interval="20000"/>
            <FD_SOCK down_thread="false" up_thread="false"/>
            <FD shun="true" up_thread="false" down_thread="false"
               timeout="20000" max_tries="5"/>
            <VERIFY_SUSPECT timeout="1500" up_thread="false" down_thread="false"/>
            <pbcast.NAKACK gc_lag="50" max_xmit_size="8192" retransmit_timeout="600,1200,2400,4800" up_thread="false"
               down_thread="false"/>
            <UNICAST timeout="600,1200,2400" window_size="100" min_threshold="10" down_thread="false"/>
            <pbcast.STABLE desired_avg_gossip="20000" up_thread="false" down_thread="false"/>
            <FRAG frag_size="8192" down_thread="false" up_thread="false"/>
            <pbcast.GMS join_timeout="5000" join_retry_timeout="2000" shun="true" print_local_addr="true"/>
            <pbcast.STATE_TRANSFER up_thread="false" down_thread="false"/>
         </config>
      </attribute>

      <!--    Number of milliseconds to wait until all responses for a
              synchronous call have been received.
      -->
      <attribute name="SyncReplTimeout">10000</attribute>

      <!--  Max number of milliseconds to wait for a lock acquisition -->
      <attribute name="LockAcquisitionTimeout">15000</attribute>

      <!--  Name of the eviction policy class. -->
      <attribute name="EvictionPolicyClass">org.jboss.cache.eviction.LRUPolicy</attribute>

      <!--  Specific eviction policy configurations. This is LRU -->
      <attribute name="EvictionPolicyConfig">
         <config>
            <attribute name="wakeUpIntervalSeconds">5</attribute>
            <name>statefulClustered</name>
            <!-- So default region would never timeout -->
            <region name="/_default_">
               <attribute name="maxNodes">0</attribute>
               <attribute name="timeToIdleSeconds">0</attribute>
            </region>

         </config>
      </attribute>


      <!-- New 1.3.x cache loader config block -->
      <!-- Note this is used for AS5.0 only -->
      <attribute name="CacheLoaderConfiguration">
          <config>
              <!-- We need to turn it on
              <passivation>false</passivation>
              -->
              <passivation>true</passivation>
              <preload>/</preload>
              <shared>false</shared>

              <cacheloader>
                  <class>org.jboss.cache.loader.FileCacheLoader</class>
                      <!--
                      -->
                  <properties>
                       location=${jboss.server.data.dir}${/}sfsb
                  </properties>
                  <async>false</async>
                  <fetchPersistentState>false</fetchPersistentState>
                  <ignoreModifications>false</ignoreModifications>
              </cacheloader>

          </config>
      </attribute>

   </mbean>

</server>

