<?xml version="1.0" encoding="UTF-8" ?>
<!DOCTYPE log4j:configuration SYSTEM "log4j.dtd">
<log4j:configuration>
	<appender name="CONSOLE" class="org.apache.log4j.ConsoleAppender">
		<layout class="org.apache.log4j.PatternLayout">
			<param name="ConversionPattern" value="%d{ABSOLUTE} %-5p [%c{1}] %m%n" />
		</layout>
	</appender>
	<logger name="com.mydomain">
		<level value="DEBUG" />
	</logger>
	<root>
		<level value="ERROR" />
		<appender-ref ref="CONSOLE" />
	</root>
</log4j:configuration>
