<?xml version="1.0"?>

<!-- ======================================================================= -->
<!-- JBoss build file                                                       -->
<!-- ======================================================================= -->

<project name="JBoss" default="install" basedir=".">

   <property file="../local.properties"/>  <property environment="env"/>
   <property name="src.dir" value="${basedir}/src"/>
   <property name="jboss.home" value="${env.JBOSS_HOME}"/>   
   <property name="jboss.server.config" value="all"/>

   <target name="install">
      <delete dir="${jboss.home}/server/${jboss.server.config}/deploy/jboss-aop.deployer"/>
      <delete dir="${jboss.home}/server/${jboss.server.config}/deploy/jbossws14.sar"/>
      <delete dir="${jboss.home}/server/${jboss.server.config}/deploy/jboss-aop-jdk50.deployer"/>
      <delete dir="${jboss.home}/server/${jboss.server.config}/deploy/ejb3.deployer"/>
      <delete file="${jboss.home}/client/jbossws14-client.jar"/>

      <copy file="lib/jbossws-client.jar" todir="${jboss.home}/client"/>
      <copy file="lib/hibernate-client.jar" todir="${jboss.home}/client"/>
      <copy file="lib/jboss-ejb3-client.jar" todir="${jboss.home}/client"/>
      <copy file="lib/ejb3.deployer/jboss-ejb3x.jar" todir="${jboss.home}/client"/>
      <copy file="lib/ejb3.deployer/jboss-annotations-ejb3.jar" todir="${jboss.home}/client"/>
      <copy file="lib/ejb3-persistence.jar" todir="${jboss.home}/server/${jboss.server.config}/lib"/>
      <copy file="lib/ejb3-persistence.jar" todir="${jboss.home}/client"/>
      <copy file="lib/hibernate-entitymanager.jar" todir="${jboss.home}/server/${jboss.server.config}/lib"/>
      <copy file="lib/hibernate-annotations.jar" todir="${jboss.home}/server/${jboss.server.config}/lib"/>
      <copy file="lib/hibernate3.jar" todir="${jboss.home}/server/${jboss.server.config}/lib"/>
      <copy file="lib/javassist.jar" todir="${jboss.home}/server/${jboss.server.config}/lib"/>
      <copy file="lib/quartz-all-1.5.2.jar" todir="${jboss.home}/server/${jboss.server.config}/lib"/>
      <copy todir="${jboss.home}/server/${jboss.server.config}/deploy">
         <fileset dir="lib">
             <include name="ejb3.deployer/**"/>
             <include name="jboss-aop-jdk50.deployer/**"/>
             <include name="*.xml"/>
             <include name="jbossws.sar"/>
         </fileset>
      </copy>
      <copy file="lib/jms-ra.rar" todir="${jboss.home}/server/${jboss.server.config}/deploy/jms"/>
      <copy file="lib/quartz-ra.rar" todir="${jboss.home}/server/${jboss.server.config}/deploy"/>

      <!-- now we have to unjar and rejar jboss.jar to remove ejbjar and jboss schema files -->
      <delete dir="tmp"/>
      <mkdir dir="tmp"/>
      <unjar src="${jboss.home}/server/${jboss.server.config}/lib/jboss.jar" dest="tmp"/>
      <jar destfile="${jboss.home}/server/${jboss.server.config}/lib/jboss.jar" update="false">
         <fileset dir="tmp">
           <include name="**/*"/>
           <exclude name="schema/ejb-jar_3_0.xsd"/>
           <exclude name="schema/jboss_5_0.xsd"/>
         </fileset>
      </jar>
      <delete dir="tmp"/>

      <!-- now we have to unjar and rejar jboss.jar to remove ejbjar and jboss schema files -->
      <delete dir="tmp"/>
      <mkdir dir="tmp"/>
      <unjar src="${jboss.home}/lib/endorsed/xml-apis.jar" dest="tmp"/>
      <jar destfile="${jboss.home}/lib/endorsed/xml-apis.jar" update="false">
         <fileset dir="tmp">
           <include name="**/*"/>
           <exclude name="javax/xml/namespace/*"/>
         </fileset>
      </jar>
      <delete dir="tmp"/>

   </target>

</project>

