<?xml version="1.0" encoding="UTF-8"?>
<ejb-jar
        xmlns="http://java.sun.com/xml/ns/javaee"
        xmlns:xsi="http://www.w3.org/2001/XMLSchema-instance"
        xsi:schemaLocation="http://java.sun.com/xml/ns/javaee
                            http://java.sun.com/xml/ns/javaee/ejb-jar_3_0.xsd"
        version="3.0">
   <description>JBoss Stateless Session Bean Tutorial</description>
   <display-name>JBoss Stateless Session Bean Tutorial</display-name>
   <enterprise-beans>
      <session>
         <ejb-name>Calculator</ejb-name>
         <remote>org.jboss.tutorial.stateless_deployment_descriptor.bean.CalculatorRemote</remote>
         <local>org.jboss.tutorial.stateless_deployment_descriptor.bean.CalculatorLocal</local>
         <ejb-class>org.jboss.tutorial.stateless_deployment_descriptor.bean.CalculatorBean</ejb-class>
         <session-type>Stateless</session-type>
         <transaction-type>Container</transaction-type>
      </session>
   </enterprise-beans>
</ejb-jar>
